{
  "timestamp": "2025-10-30 21:32:31 UTC",
  "systems": {
    "PC": {
      "rle_mean": 1.4398368357018922,
      "rle_range": [
        0.0,
        489.184692
      ],
      "collapse_rate_pct": 0.0,
      "temp_mean": NaN,
      "power_mean": 37.159310382125234,
      "sessions": 4
    },
    "Phone": {
      "rle_mean": 0.2610717060109969,
      "rle_range": [
        0.1313040350924273,
        0.488569559380062
      ],
      "collapse_rate_pct": 65.371875,
      "temp_mean": 38.50906921887375,
      "power_mean": 9.655724238231329,
      "sessions": 2
    },
    "Laptop": {
      "rle_mean": 0.15930384895031313,
      "rle_range": [
        0.035128,
        0.998336
      ],
      "collapse_rate_pct": 0.0,
      "temp_mean": NaN,
      "power_mean": 48.9023175292306,
      "sessions": 2
    }
  },
  "detailed_stats": [
    {
      "session": "Phone - 3DMark Wildlife",
      "device": "mobile",
      "rows": 1000,
      "rle_mean": 0.2610717060109969,
      "rle_std": 0.10995519466407855,
      "rle_min": 0.1313040350924273,
      "rle_max": 0.488569559380062,
      "rle_median": 0.2233214605716827,
      "collapse_count": 734,
      "collapse_rate_pct": 73.4,
      "temp_mean": 38.509069218873755,
      "temp_min": 33.0,
      "temp_max": 44.44130078531299,
      "power_mean": 9.65572423823133,
      "power_min": 7.497930046720987,
      "power_max": 11.674701813955956,
      "util_mean": 81.06297517168667,
      "util_min": 58.56854903650065,
      "util_max": 98.0,
      "file_path": "lab\\sessions\\archive\\mobile\\phone_rle_wildlife.csv"
    },
    {
      "session": "Phone - All Benchmarks",
      "device": "mobile",
      "rows": 1280,
      "rle_mean": 0.2610717060109969,
      "rle_std": 0.10995519466407855,
      "rle_min": 0.1313040350924273,
      "rle_max": 0.488569559380062,
      "rle_median": 0.2233214605716827,
      "collapse_count": 734,
      "collapse_rate_pct": 57.34375000000001,
      "temp_mean": 38.50906921887375,
      "temp_min": 33.0,
      "temp_max": 44.44130078531299,
      "power_mean": 9.655724238231329,
      "power_min": 7.497930046720987,
      "power_max": 11.674701813955956,
      "util_mean": 81.06297517168667,
      "util_min": 58.56854903650065,
      "util_max": 98.0,
      "file_path": "lab\\sessions\\archive\\mobile\\phone_all_benchmarks.csv"
    },
    {
      "session": "Laptop - Session 1",
      "device": "cpu",
      "rows": 431,
      "rle_mean": 0.14811636426914151,
      "rle_std": 0.1649858149595997,
      "rle_min": 0.041799,
      "rle_max": 0.998336,
      "rle_median": 0.111816,
      "collapse_count": 0,
      "collapse_rate_pct": 0.0,
      "temp_mean": NaN,
      "temp_min": NaN,
      "temp_max": NaN,
      "power_mean": 44.934617169373546,
      "power_min": 18.88,
      "power_max": 119.25,
      "util_mean": 35.94779582366589,
      "util_min": 15.1,
      "util_max": 95.4,
      "file_path": "sessions\\laptop\\rle_20251030_19.csv"
    },
    {
      "session": "Laptop - Session 2",
      "device": "cpu",
      "rows": 1118,
      "rle_mean": 0.17049133363148478,
      "rle_std": 0.1555277528423589,
      "rle_min": 0.035128,
      "rle_max": 0.998336,
      "rle_median": 0.116067,
      "collapse_count": 0,
      "collapse_rate_pct": 0.0,
      "temp_mean": NaN,
      "temp_min": NaN,
      "temp_max": NaN,
      "power_mean": 52.87001788908765,
      "power_min": 1.75,
      "power_max": 125.0,
      "util_mean": 42.29597495527728,
      "util_min": 1.4,
      "util_max": 100.0,
      "file_path": "sessions\\laptop\\rle_20251030_20 - Copy.csv"
    },
    {
      "session": "PC - Session 1 (GPU)",
      "device": "gpu",
      "rows": 5776,
      "rle_mean": 0.11972887274930749,
      "rle_std": 0.30795269500611666,
      "rle_min": 0.0,
      "rle_max": 6.065124,
      "rle_median": 0.0552195,
      "collapse_count": 0,
      "collapse_rate_pct": 0.0,
      "temp_mean": 53.032548476454295,
      "temp_min": 41.0,
      "temp_max": 63.0,
      "power_mean": 18.160015581717452,
      "power_min": 13.55,
      "power_max": 56.21,
      "util_mean": 5.987880886426593,
      "util_min": 0.0,
      "util_max": 73.0,
      "file_path": "lab\\sessions\\recent\\rle_20251027_09.csv"
    },
    {
      "session": "PC - Session 1 (CPU)",
      "device": "cpu",
      "rows": 5785,
      "rle_mean": 3.935267471910113,
      "rle_std": 13.529426955454243,
      "rle_min": 0.130937,
      "rle_max": 489.184692,
      "rle_median": 0.385292,
      "collapse_count": 0,
      "collapse_rate_pct": 0.0,
      "temp_mean": NaN,
      "temp_min": NaN,
      "temp_max": NaN,
      "power_mean": 11.655374094931616,
      "power_min": 0.12,
      "power_max": 42.0,
      "util_mean": 9.355108038029387,
      "util_min": 0.1,
      "util_max": 55.4,
      "file_path": "lab\\sessions\\recent\\rle_20251027_09.csv"
    },
    {
      "session": "PC - Session 2 (GPU)",
      "device": "gpu",
      "rows": 2160,
      "rle_mean": 1.2770562078703704,
      "rle_std": 1.1534204651270341,
      "rle_min": 0.011854,
      "rle_max": 2.811772,
      "rle_median": 1.268274,
      "collapse_count": 0,
      "collapse_rate_pct": 0.0,
      "temp_mean": 60.77638888888889,
      "temp_min": 39.0,
      "temp_max": 77.0,
      "power_mean": 95.0048425925926,
      "power_min": 19.52,
      "power_max": 200.12,
      "util_mean": 50.852777777777774,
      "util_min": 2.0,
      "util_max": 100.0,
      "file_path": "lab\\sessions\\recent\\rle_20251028_08.csv"
    },
    {
      "session": "PC - Session 2 (CPU)",
      "device": "cpu",
      "rows": 2160,
      "rle_mean": 0.4272947902777778,
      "rle_std": 0.19111708583867468,
      "rle_min": 0.031126,
      "rle_max": 0.998336,
      "rle_median": 0.411217,
      "collapse_count": 0,
      "collapse_rate_pct": 0.0,
      "temp_mean": NaN,
      "temp_min": NaN,
      "temp_max": NaN,
      "power_mean": 23.81700925925926,
      "power_min": 6.38,
      "power_max": 125.0,
      "util_mean": 19.053472222222222,
      "util_min": 5.1,
      "util_max": 100.0,
      "file_path": "lab\\sessions\\recent\\rle_20251028_08.csv"
    }
  ]
}